{
  "project_info": {
    "project_number": "625252499222",
    "firebase_url": "https://pddb-1d8e9-default-rtdb.firebaseio.com",
    "project_id": "pddb-1d8e9",
    "storage_bucket": "pddb-1d8e9.appspot.com"
  },
  "client": [
    {
      "client_info": {
        "mobilesdk_app_id": "1:625252499222:android:68632bfd0996f0da2e9a37",
        "android_client_info": {
          "package_name": "com.example.myapplication"
        }
      },
      "oauth_client": [],
      "api_key": [
        {
          "current_key": "AIzaSyA_Orob18-fh0racQcgjg-IKdyLvQr8xmQ"
        }
      ],
      "services": {
        "appinvite_service": {
          "other_platform_oauth_client": []
        }
      }
    },
    {
      "client_info": {
        "mobilesdk_app_id": "1:625252499222:android:ad64e27229a56ae02e9a37",
        "android_client_info": {
          "package_name": "com.example.officer"
        }
      },
      "oauth_client": [],
      "api_key": [
        {
          "current_key": "AIzaSyA_Orob18-fh0racQcgjg-IKdyLvQr8xmQ"
        }
      ],
      "services": {
        "appinvite_service": {
          "other_platform_oauth_client": []
        }
      }
    },
    {
      "client_info": {
        "mobilesdk_app_id": "1:625252499222:android:b727c644f809ccf72e9a37",
        "android_client_info": {
          "package_name": "com.example.pds"
        }
      },
      "oauth_client": [],
      "api_key": [
        {
          "current_key": "AIzaSyA_Orob18-fh0racQcgjg-IKdyLvQr8xmQ"
        }
      ],
      "services": {
        "appinvite_service": {
          "other_platform_oauth_client": []
        }
      }
    },
    {
      "client_info": {
        "mobilesdk_app_id": "1:625252499222:android:f4987d0ea4c92f9a2e9a37",
        "android_client_info": {
          "package_name": "com.example.pds_public"
        }
      },
      "oauth_client": [],
      "api_key": [
        {
          "current_key": "AIzaSyA_Orob18-fh0racQcgjg-IKdyLvQr8xmQ"
        }
      ],
      "services": {
        "appinvite_service": {
          "other_platform_oauth_client": []
        }
      }
    }
  ],
  "configuration_version": "1"
}